year	month	n_calendar_days	n_downloads	n_visitors	n_articles	n_log_days
2015	9	30	4904318	587565	3067114	30
2015	10	31	6072147	760939	3461622	31
2015	11	30	1849385	279688	1342836	13
2015	12	31	3879510	490114	2544046	30
2016	1	31	4901512	643168	2938775	31
2016	2	29	6213091	906221	3740944	29
2017	1	31	9257598	1513862	5148169	31
2017	2	28	9854264	1564356	5230317	27
2017	3	31	12990139	1920146	6418327	30
2017	4	30	8911780	1495622	4883206	21
2017	5	31	13959687	2050739	6853773	30
2017	6	30	14123204	1890142	7022257	30
2017	7	31	18410282	2023446	7551163	31
2017	8	31	17418110	2079473	8211371	30
2017	9	30	15235240	2105887	7192829	30
2017	10	31	4071933	811208	2797601	8
2017	11	30	15878921	2433576	7751970	30
2017	12	31	10764704	1659668	6067799	31
