week	search_term	interest
2011-06-05	LibGen	0.0
2011-06-05	Sci-Hub	0.0
2011-06-12	LibGen	0.0
2011-06-12	Sci-Hub	0.0
2011-06-19	LibGen	0.0
2011-06-19	Sci-Hub	0.0
2011-06-26	LibGen	1.0
2011-06-26	Sci-Hub	0.0
2011-07-03	LibGen	0.0
2011-07-03	Sci-Hub	0.0
2011-07-10	LibGen	0.0
2011-07-10	Sci-Hub	0.0
2011-07-17	LibGen	0.0
2011-07-17	Sci-Hub	0.0
2011-07-24	LibGen	0.0
2011-07-24	Sci-Hub	0.0
2011-07-31	LibGen	0.0
2011-07-31	Sci-Hub	0.0
2011-08-07	LibGen	0.0
2011-08-07	Sci-Hub	0.0
2011-08-14	LibGen	0.0
2011-08-14	Sci-Hub	0.0
2011-08-21	LibGen	0.0
2011-08-21	Sci-Hub	0.0
2011-08-28	LibGen	0.0
2011-08-28	Sci-Hub	0.0
2011-09-04	LibGen	1.0
2011-09-04	Sci-Hub	0.0
2011-09-11	LibGen	0.0
2011-09-11	Sci-Hub	0.0
2011-09-18	LibGen	0.0
2011-09-18	Sci-Hub	0.0
2011-09-25	LibGen	0.0
2011-09-25	Sci-Hub	0.0
2011-10-02	LibGen	0.0
2011-10-02	Sci-Hub	0.0
2011-10-09	LibGen	0.0
2011-10-09	Sci-Hub	0.0
2011-10-16	LibGen	0.0
2011-10-16	Sci-Hub	0.0
2011-10-23	LibGen	0.0
2011-10-23	Sci-Hub	0.0
2011-10-30	LibGen	0.0
2011-10-30	Sci-Hub	0.0
2011-11-06	LibGen	0.0
2011-11-06	Sci-Hub	0.0
2011-11-13	LibGen	0.0
2011-11-13	Sci-Hub	0.0
2011-11-20	LibGen	0.0
2011-11-20	Sci-Hub	0.0
2011-11-27	LibGen	0.0
2011-11-27	Sci-Hub	0.0
2011-12-04	LibGen	0.0
2011-12-04	Sci-Hub	0.0
2011-12-11	LibGen	0.0
2011-12-11	Sci-Hub	0.0
2011-12-18	LibGen	1.0
2011-12-18	Sci-Hub	0.0
2011-12-25	LibGen	0.0
2011-12-25	Sci-Hub	0.0
2012-01-01	LibGen	0.0
2012-01-01	Sci-Hub	0.0
2012-01-08	LibGen	0.0
2012-01-08	Sci-Hub	0.0
2012-01-15	LibGen	0.0
2012-01-15	Sci-Hub	0.0
2012-01-22	LibGen	0.0
2012-01-22	Sci-Hub	0.0
2012-01-29	LibGen	0.0
2012-01-29	Sci-Hub	0.0
2012-02-05	LibGen	0.0
2012-02-05	Sci-Hub	1.0
2012-02-12	LibGen	0.0
2012-02-12	Sci-Hub	0.0
2012-02-19	LibGen	0.0
2012-02-19	Sci-Hub	0.0
2012-02-26	LibGen	1.0
2012-02-26	Sci-Hub	1.0
2012-03-04	LibGen	1.0
2012-03-04	Sci-Hub	0.0
2012-03-11	LibGen	1.0
2012-03-11	Sci-Hub	1.0
2012-03-18	LibGen	1.0
2012-03-18	Sci-Hub	1.0
2012-03-25	LibGen	1.0
2012-03-25	Sci-Hub	1.0
2012-04-01	LibGen	1.0
2012-04-01	Sci-Hub	1.0
2012-04-08	LibGen	2.0
2012-04-08	Sci-Hub	0.0
2012-04-15	LibGen	1.0
2012-04-15	Sci-Hub	1.0
2012-04-22	LibGen	1.0
2012-04-22	Sci-Hub	0.0
2012-04-29	LibGen	1.0
2012-04-29	Sci-Hub	1.0
2012-05-06	LibGen	1.0
2012-05-06	Sci-Hub	1.0
2012-05-13	LibGen	1.0
2012-05-13	Sci-Hub	1.0
2012-05-20	LibGen	1.0
2012-05-20	Sci-Hub	1.0
2012-05-27	LibGen	2.0
2012-05-27	Sci-Hub	0.0
2012-06-03	LibGen	2.0
2012-06-03	Sci-Hub	0.0
2012-06-10	LibGen	2.0
2012-06-10	Sci-Hub	1.0
2012-06-17	LibGen	2.0
2012-06-17	Sci-Hub	1.0
2012-06-24	LibGen	2.0
2012-06-24	Sci-Hub	0.0
2012-07-01	LibGen	3.0
2012-07-01	Sci-Hub	1.0
2012-07-08	LibGen	3.0
2012-07-08	Sci-Hub	1.0
2012-07-15	LibGen	3.0
2012-07-15	Sci-Hub	1.0
2012-07-22	LibGen	3.0
2012-07-22	Sci-Hub	1.0
2012-07-29	LibGen	4.0
2012-07-29	Sci-Hub	0.0
2012-08-05	LibGen	4.0
2012-08-05	Sci-Hub	1.0
2012-08-12	LibGen	3.0
2012-08-12	Sci-Hub	1.0
2012-08-19	LibGen	5.0
2012-08-19	Sci-Hub	1.0
2012-08-26	LibGen	4.0
2012-08-26	Sci-Hub	1.0
2012-09-02	LibGen	6.0
2012-09-02	Sci-Hub	1.0
2012-09-09	LibGen	7.0
2012-09-09	Sci-Hub	1.0
2012-09-16	LibGen	7.0
2012-09-16	Sci-Hub	1.0
2012-09-23	LibGen	9.0
2012-09-23	Sci-Hub	2.0
2012-09-30	LibGen	9.0
2012-09-30	Sci-Hub	1.0
2012-10-07	LibGen	9.0
2012-10-07	Sci-Hub	2.0
2012-10-14	LibGen	11.0
2012-10-14	Sci-Hub	2.0
2012-10-21	LibGen	10.0
2012-10-21	Sci-Hub	2.0
2012-10-28	LibGen	9.0
2012-10-28	Sci-Hub	3.0
2012-11-04	LibGen	10.0
2012-11-04	Sci-Hub	3.0
2012-11-11	LibGen	10.0
2012-11-11	Sci-Hub	3.0
2012-11-18	LibGen	11.0
2012-11-18	Sci-Hub	3.0
2012-11-25	LibGen	12.0
2012-11-25	Sci-Hub	3.0
2012-12-02	LibGen	11.0
2012-12-02	Sci-Hub	3.0
2012-12-09	LibGen	12.0
2012-12-09	Sci-Hub	3.0
2012-12-16	LibGen	11.0
2012-12-16	Sci-Hub	3.0
2012-12-23	LibGen	13.0
2012-12-23	Sci-Hub	2.0
2012-12-30	LibGen	14.0
2012-12-30	Sci-Hub	2.0
2013-01-06	LibGen	13.18
2013-01-06	Sci-Hub	2.08
2013-01-13	LibGen	11.15
2013-01-13	Sci-Hub	4.15
2013-01-20	LibGen	11.68
2013-01-20	Sci-Hub	4.15
2013-01-27	LibGen	14.71
2013-01-27	Sci-Hub	4.15
2013-02-03	LibGen	16.24
2013-02-03	Sci-Hub	4.15
2013-02-10	LibGen	15.21
2013-02-10	Sci-Hub	4.15
2013-02-17	LibGen	16.74
2013-02-17	Sci-Hub	4.15
2013-02-24	LibGen	16.24
2013-02-24	Sci-Hub	3.65
2013-03-03	LibGen	16.24
2013-03-03	Sci-Hub	4.15
2013-03-10	LibGen	14.71
2013-03-10	Sci-Hub	4.15
2013-03-17	LibGen	17.24
2013-03-17	Sci-Hub	3.08
2013-03-24	LibGen	15.21
2013-03-24	Sci-Hub	4.15
2013-03-31	LibGen	15.71
2013-03-31	Sci-Hub	4.15
2013-04-07	LibGen	19.8
2013-04-07	Sci-Hub	3.58
2013-04-14	LibGen	16.24
2013-04-14	Sci-Hub	3.65
2013-04-21	LibGen	21.33
2013-04-21	Sci-Hub	4.65
2013-04-28	LibGen	17.27
2013-04-28	Sci-Hub	4.15
2013-05-05	LibGen	18.27
2013-05-05	Sci-Hub	4.15
2013-05-12	LibGen	17.77
2013-05-12	Sci-Hub	4.65
2013-05-19	LibGen	17.74
2013-05-19	Sci-Hub	6.23
2013-05-26	LibGen	19.27
2013-05-26	Sci-Hub	6.23
2013-06-02	LibGen	17.24
2013-06-02	Sci-Hub	5.73
2013-06-09	LibGen	18.27
2013-06-09	Sci-Hub	5.15
2013-06-16	LibGen	16.74
2013-06-16	Sci-Hub	6.23
2013-06-23	LibGen	17.77
2013-06-23	Sci-Hub	6.23
2013-06-30	LibGen	23.36
2013-06-30	Sci-Hub	6.23
2013-07-07	LibGen	18.77
2013-07-07	Sci-Hub	5.73
2013-07-14	LibGen	22.33
2013-07-14	Sci-Hub	4.65
2013-07-21	LibGen	20.8
2013-07-21	Sci-Hub	4.65
2013-07-28	LibGen	22.33
2013-07-28	Sci-Hub	5.15
2013-08-04	LibGen	20.3
2013-08-04	Sci-Hub	5.73
2013-08-11	LibGen	23.86
2013-08-11	Sci-Hub	5.73
2013-08-18	LibGen	24.86
2013-08-18	Sci-Hub	6.73
2013-08-25	LibGen	27.93
2013-08-25	Sci-Hub	6.23
2013-09-01	LibGen	26.89
2013-09-01	Sci-Hub	6.73
2013-09-08	LibGen	24.89
2013-09-08	Sci-Hub	6.23
2013-09-15	LibGen	24.86
2013-09-15	Sci-Hub	8.3
2013-09-22	LibGen	26.89
2013-09-22	Sci-Hub	9.88
2013-09-29	LibGen	30.96
2013-09-29	Sci-Hub	10.38
2013-10-06	LibGen	27.89
2013-10-06	Sci-Hub	10.88
2013-10-13	LibGen	26.39
2013-10-13	Sci-Hub	10.38
2013-10-20	LibGen	29.96
2013-10-20	Sci-Hub	11.95
2013-10-27	LibGen	31.46
2013-10-27	Sci-Hub	8.3
2013-11-03	LibGen	35.02
2013-11-03	Sci-Hub	8.3
2013-11-10	LibGen	33.49
2013-11-10	Sci-Hub	6.73
2013-11-17	LibGen	36.02
2013-11-17	Sci-Hub	7.8
2013-11-24	LibGen	34.02
2013-11-24	Sci-Hub	5.15
2013-12-01	LibGen	32.99
2013-12-01	Sci-Hub	4.65
2013-12-08	LibGen	30.96
2013-12-08	Sci-Hub	4.15
2013-12-15	LibGen	30.46
2013-12-15	Sci-Hub	4.15
2013-12-22	LibGen	27.39
2013-12-22	Sci-Hub	4.15
2013-12-29	LibGen	26.39
2013-12-29	Sci-Hub	2.58
2014-01-05	LibGen	30.96
2014-01-05	Sci-Hub	3.65
2014-01-12	LibGen	40.61
2014-01-12	Sci-Hub	4.65
2014-01-19	LibGen	39.61
2014-01-19	Sci-Hub	4.15
2014-01-26	LibGen	36.05
2014-01-26	Sci-Hub	3.65
2014-02-02	LibGen	37.05
2014-02-02	Sci-Hub	4.15
2014-02-09	LibGen	37.52
2014-02-09	Sci-Hub	4.15
2014-02-16	LibGen	38.58
2014-02-16	Sci-Hub	3.65
2014-02-23	LibGen	50.26
2014-02-23	Sci-Hub	4.65
2014-03-02	LibGen	37.05
2014-03-02	Sci-Hub	3.65
2014-03-09	LibGen	40.08
2014-03-09	Sci-Hub	5.15
2014-03-16	LibGen	40.11
2014-03-16	Sci-Hub	6.73
2014-03-23	LibGen	35.52
2014-03-23	Sci-Hub	5.73
2014-03-30	LibGen	40.08
2014-03-30	Sci-Hub	4.65
2014-04-06	LibGen	40.08
2014-04-06	Sci-Hub	5.15
2014-04-13	LibGen	41.11
2014-04-13	Sci-Hub	9.88
2014-04-20	LibGen	38.05
2014-04-20	Sci-Hub	6.23
2014-04-27	LibGen	36.05
2014-04-27	Sci-Hub	4.15
2014-05-04	LibGen	36.55
2014-05-04	Sci-Hub	6.23
2014-05-11	LibGen	34.02
2014-05-11	Sci-Hub	4.65
2014-05-18	LibGen	39.08
2014-05-18	Sci-Hub	5.73
2014-05-25	LibGen	35.02
2014-05-25	Sci-Hub	5.15
2014-06-01	LibGen	38.08
2014-06-01	Sci-Hub	4.15
2014-06-08	LibGen	36.55
2014-06-08	Sci-Hub	4.15
2014-06-15	LibGen	36.55
2014-06-15	Sci-Hub	4.65
2014-06-22	LibGen	38.05
2014-06-22	Sci-Hub	4.15
2014-06-29	LibGen	41.61
2014-06-29	Sci-Hub	4.15
2014-07-06	LibGen	49.23
2014-07-06	Sci-Hub	4.15
2014-07-13	LibGen	40.61
2014-07-13	Sci-Hub	5.73
2014-07-20	LibGen	41.61
2014-07-20	Sci-Hub	5.23
2014-07-27	LibGen	32.49
2014-07-27	Sci-Hub	4.15
2014-08-03	LibGen	54.32
2014-08-03	Sci-Hub	4.15
2014-08-10	LibGen	38.05
2014-08-10	Sci-Hub	4.65
2014-08-17	LibGen	40.58
2014-08-17	Sci-Hub	5.73
2014-08-24	LibGen	41.64
2014-08-24	Sci-Hub	4.65
2014-08-31	LibGen	49.76
2014-08-31	Sci-Hub	5.15
2014-09-07	LibGen	43.64
2014-09-07	Sci-Hub	6.23
2014-09-14	LibGen	46.2
2014-09-14	Sci-Hub	8.3
2014-09-21	LibGen	45.64
2014-09-21	Sci-Hub	7.73
2014-09-28	LibGen	45.7
2014-09-28	Sci-Hub	6.73
2014-10-05	LibGen	43.61
2014-10-05	Sci-Hub	4.65
2014-10-12	LibGen	48.2
2014-10-12	Sci-Hub	6.23
2014-10-19	LibGen	52.26
2014-10-19	Sci-Hub	6.23
2014-10-26	LibGen	48.73
2014-10-26	Sci-Hub	5.15
2014-11-02	LibGen	45.67
2014-11-02	Sci-Hub	6.73
2014-11-09	LibGen	50.23
2014-11-09	Sci-Hub	7.23
2014-11-16	LibGen	50.76
2014-11-16	Sci-Hub	8.23
2014-11-23	LibGen	49.23
2014-11-23	Sci-Hub	6.73
2014-11-30	LibGen	48.23
2014-11-30	Sci-Hub	8.3
2014-12-07	LibGen	48.7
2014-12-07	Sci-Hub	6.73
2014-12-14	LibGen	45.67
2014-12-14	Sci-Hub	6.73
2014-12-21	LibGen	43.11
2014-12-21	Sci-Hub	4.65
2014-12-28	LibGen	44.17
2014-12-28	Sci-Hub	4.15
2015-01-04	LibGen	100.49
2015-01-04	Sci-Hub	8.3
2015-01-11	LibGen	80.65
2015-01-11	Sci-Hub	7.8
2015-01-18	LibGen	68.47
2015-01-18	Sci-Hub	7.8
2015-01-25	LibGen	46.7
2015-01-25	Sci-Hub	6.73
2015-02-01	LibGen	51.26
2015-02-01	Sci-Hub	7.23
2015-02-08	LibGen	42.61
2015-02-08	Sci-Hub	6.23
2015-02-15	LibGen	43.67
2015-02-15	Sci-Hub	7.3
2015-02-22	LibGen	45.2
2015-02-22	Sci-Hub	8.3
2015-03-01	LibGen	45.17
2015-03-01	Sci-Hub	8.8
2015-03-08	LibGen	43.64
2015-03-08	Sci-Hub	8.3
2015-03-15	LibGen	46.17
2015-03-15	Sci-Hub	11.95
2015-03-22	LibGen	46.2
2015-03-22	Sci-Hub	7.23
2015-03-29	LibGen	45.7
2015-03-29	Sci-Hub	6.73
2015-04-05	LibGen	48.73
2015-04-05	Sci-Hub	8.8
2015-04-12	LibGen	45.17
2015-04-12	Sci-Hub	8.3
2015-04-19	LibGen	47.2
2015-04-19	Sci-Hub	7.23
2015-04-26	LibGen	46.2
2015-04-26	Sci-Hub	6.73
2015-05-03	LibGen	43.11
2015-05-03	Sci-Hub	8.3
2015-05-10	LibGen	42.11
2015-05-10	Sci-Hub	9.88
2015-05-17	LibGen	42.64
2015-05-17	Sci-Hub	8.3
2015-05-24	LibGen	48.73
2015-05-24	Sci-Hub	8.3
2015-05-31	LibGen	48.2
2015-05-31	Sci-Hub	8.8
2015-06-07	LibGen	68.0
2015-06-07	Sci-Hub	10.38
2015-06-14	LibGen	83.21
2015-06-14	Sci-Hub	9.88
2015-06-21	LibGen	85.25
2015-06-21	Sci-Hub	17.1
2015-06-28	LibGen	70.53
2015-06-28	Sci-Hub	21.25
2015-07-05	LibGen	62.41
2015-07-05	Sci-Hub	10.88
2015-07-12	LibGen	55.85
2015-07-12	Sci-Hub	9.3
2015-07-19	LibGen	58.88
2015-07-19	Sci-Hub	8.8
2015-07-26	LibGen	49.73
2015-07-26	Sci-Hub	11.95
2015-08-02	LibGen	50.76
2015-08-02	Sci-Hub	11.95
2015-08-09	LibGen	49.73
2015-08-09	Sci-Hub	12.95
2015-08-16	LibGen	48.7
2015-08-16	Sci-Hub	13.53
2015-08-23	LibGen	53.29
2015-08-23	Sci-Hub	13.45
2015-08-30	LibGen	54.29
2015-08-30	Sci-Hub	12.95
2015-09-06	LibGen	51.26
2015-09-06	Sci-Hub	17.1
2015-09-13	LibGen	51.26
2015-09-13	Sci-Hub	16.6
2015-09-20	LibGen	45.17
2015-09-20	Sci-Hub	14.53
2015-09-27	LibGen	50.76
2015-09-27	Sci-Hub	18.18
2015-10-04	LibGen	52.29
2015-10-04	Sci-Hub	20.75
2015-10-11	LibGen	50.76
2015-10-11	Sci-Hub	18.68
2015-10-18	LibGen	47.2
2015-10-18	Sci-Hub	22.83
2015-10-25	LibGen	46.7
2015-10-25	Sci-Hub	21.83
2015-11-01	LibGen	52.79
2015-11-01	Sci-Hub	44.0
2015-11-08	LibGen	53.26
2015-11-08	Sci-Hub	57.53
2015-11-15	LibGen	51.76
2015-11-15	Sci-Hub	41.5
2015-11-22	LibGen	46.7
2015-11-22	Sci-Hub	31.05
2015-11-29	LibGen	45.67
2015-11-29	Sci-Hub	25.4
2015-12-06	LibGen	44.67
2015-12-06	Sci-Hub	22.33
2015-12-13	LibGen	44.67
2015-12-13	Sci-Hub	25.4
2015-12-20	LibGen	40.61
2015-12-20	Sci-Hub	20.18
2015-12-27	LibGen	38.08
2015-12-27	Sci-Hub	18.1
2016-01-03	LibGen	38.58
2016-01-03	Sci-Hub	22.83
2016-01-10	LibGen	36.55
2016-01-10	Sci-Hub	18.18
2016-01-17	LibGen	38.58
2016-01-17	Sci-Hub	19.68
2016-01-24	LibGen	38.08
2016-01-24	Sci-Hub	20.18
2016-01-31	LibGen	37.55
2016-01-31	Sci-Hub	20.75
2016-02-07	LibGen	40.61
2016-02-07	Sci-Hub	46.15
2016-02-14	LibGen	41.61
2016-02-14	Sci-Hub	73.13
2016-02-21	LibGen	36.05
2016-02-21	Sci-Hub	45.15
2016-02-28	LibGen	39.58
2016-02-28	Sci-Hub	40.43
2016-03-06	LibGen	37.55
2016-03-06	Sci-Hub	39.35
2016-03-13	LibGen	33.99
2016-03-13	Sci-Hub	37.93
2016-03-20	LibGen	31.46
2016-03-20	Sci-Hub	31.05
2016-03-27	LibGen	35.02
2016-03-27	Sci-Hub	37.35
2016-04-03	LibGen	32.46
2016-04-03	Sci-Hub	37.78
2016-04-10	LibGen	35.02
2016-04-10	Sci-Hub	36.35
2016-04-17	LibGen	33.49
2016-04-17	Sci-Hub	34.78
2016-04-24	LibGen	35.02
2016-04-24	Sci-Hub	71.48
2016-05-01	LibGen	36.02
2016-05-01	Sci-Hub	91.73
2016-05-08	LibGen	34.49
2016-05-08	Sci-Hub	62.18
2016-05-15	LibGen	35.02
2016-05-15	Sci-Hub	58.03
2016-05-22	LibGen	35.02
2016-05-22	Sci-Hub	45.08
2016-05-29	LibGen	35.02
2016-05-29	Sci-Hub	48.15
2016-06-05	LibGen	28.85
2016-06-05	Sci-Hub	36.55
2016-06-12	LibGen	28.85
2016-06-12	Sci-Hub	34.4
2016-06-19	LibGen	28.85
2016-06-19	Sci-Hub	36.55
2016-06-26	LibGen	26.79
2016-06-26	Sci-Hub	30.1
2016-07-03	LibGen	24.73
2016-07-03	Sci-Hub	27.95
2016-07-10	LibGen	26.79
2016-07-10	Sci-Hub	34.4
2016-07-17	LibGen	30.91
2016-07-17	Sci-Hub	36.55
2016-07-24	LibGen	30.91
2016-07-24	Sci-Hub	34.4
2016-07-31	LibGen	30.91
2016-07-31	Sci-Hub	36.55
2016-08-07	LibGen	30.91
2016-08-07	Sci-Hub	34.4
2016-08-14	LibGen	28.85
2016-08-14	Sci-Hub	32.25
2016-08-21	LibGen	39.15
2016-08-21	Sci-Hub	36.55
2016-08-28	LibGen	35.03
2016-08-28	Sci-Hub	36.55
2016-09-04	LibGen	32.97
2016-09-04	Sci-Hub	34.4
2016-09-11	LibGen	35.03
2016-09-11	Sci-Hub	36.55
2016-09-18	LibGen	35.03
2016-09-18	Sci-Hub	40.85
2016-09-25	LibGen	41.21
2016-09-25	Sci-Hub	40.85
2016-10-02	LibGen	37.09
2016-10-02	Sci-Hub	38.7
2016-10-09	LibGen	37.09
2016-10-09	Sci-Hub	36.55
2016-10-16	LibGen	37.09
2016-10-16	Sci-Hub	40.85
2016-10-23	LibGen	39.15
2016-10-23	Sci-Hub	40.85
2016-10-30	LibGen	39.15
2016-10-30	Sci-Hub	38.7
2016-11-06	LibGen	37.09
2016-11-06	Sci-Hub	38.7
2016-11-13	LibGen	35.03
2016-11-13	Sci-Hub	45.15
2016-11-20	LibGen	35.03
2016-11-20	Sci-Hub	40.85
2016-11-27	LibGen	35.03
2016-11-27	Sci-Hub	43.0
2016-12-04	LibGen	32.97
2016-12-04	Sci-Hub	49.45
2016-12-11	LibGen	32.97
2016-12-11	Sci-Hub	40.85
2016-12-18	LibGen	32.97
2016-12-18	Sci-Hub	45.15
2016-12-25	LibGen	32.97
2016-12-25	Sci-Hub	34.4
2017-01-01	LibGen	37.09
2017-01-01	Sci-Hub	34.4
2017-01-08	LibGen	39.15
2017-01-08	Sci-Hub	38.7
2017-01-15	LibGen	41.21
2017-01-15	Sci-Hub	38.7
2017-01-22	LibGen	43.28
2017-01-22	Sci-Hub	43.0
2017-01-29	LibGen	45.34
2017-01-29	Sci-Hub	43.0
2017-02-05	LibGen	43.28
2017-02-05	Sci-Hub	53.75
2017-02-12	LibGen	43.28
2017-02-12	Sci-Hub	51.6
2017-02-19	LibGen	47.4
2017-02-19	Sci-Hub	55.9
2017-02-26	LibGen	45.34
2017-02-26	Sci-Hub	51.6
2017-03-05	LibGen	41.21
2017-03-05	Sci-Hub	51.6
2017-03-12	LibGen	41.21
2017-03-12	Sci-Hub	51.6
2017-03-19	LibGen	41.21
2017-03-19	Sci-Hub	49.45
2017-03-26	LibGen	43.28
2017-03-26	Sci-Hub	53.75
2017-04-02	LibGen	41.21
2017-04-02	Sci-Hub	53.75
2017-04-09	LibGen	41.21
2017-04-09	Sci-Hub	49.45
2017-04-16	LibGen	39.15
2017-04-16	Sci-Hub	51.6
2017-04-23	LibGen	41.21
2017-04-23	Sci-Hub	51.6
2017-04-30	LibGen	39.15
2017-04-30	Sci-Hub	53.75
2017-05-07	LibGen	39.15
2017-05-07	Sci-Hub	51.6
2017-05-14	LibGen	39.15
2017-05-14	Sci-Hub	43.0
2017-05-21	LibGen	37.09
2017-05-21	Sci-Hub	43.0
2017-05-28	LibGen	43.28
2017-05-28	Sci-Hub	40.85
2017-06-04	LibGen	39.15
2017-06-04	Sci-Hub	43.0
2017-06-11	LibGen	37.09
2017-06-11	Sci-Hub	40.85
2017-06-18	LibGen	37.09
2017-06-18	Sci-Hub	38.7
2017-06-25	LibGen	37.09
2017-06-25	Sci-Hub	45.15
2017-07-02	LibGen	39.15
2017-07-02	Sci-Hub	45.15
2017-07-09	LibGen	39.15
2017-07-09	Sci-Hub	40.85
2017-07-16	LibGen	41.21
2017-07-16	Sci-Hub	43.0
2017-07-23	LibGen	41.21
2017-07-23	Sci-Hub	49.45
2017-07-30	LibGen	53.58
2017-07-30	Sci-Hub	51.6
2017-08-06	LibGen	61.82
2017-08-06	Sci-Hub	47.3
2017-08-13	LibGen	45.34
2017-08-13	Sci-Hub	45.15
2017-08-20	LibGen	51.52
2017-08-20	Sci-Hub	45.15
2017-08-27	LibGen	49.46
2017-08-27	Sci-Hub	45.15
2017-09-03	LibGen	57.7
2017-09-03	Sci-Hub	68.8
2017-09-10	LibGen	55.64
2017-09-10	Sci-Hub	60.2
2017-09-17	LibGen	57.7
2017-09-17	Sci-Hub	58.05
2017-09-24	LibGen	55.64
2017-09-24	Sci-Hub	58.05
2017-10-01	LibGen	55.64
2017-10-01	Sci-Hub	60.2
2017-10-08	LibGen	59.76
2017-10-08	Sci-Hub	62.35
2017-10-15	LibGen	55.64
2017-10-15	Sci-Hub	58.05
2017-10-22	LibGen	51.52
2017-10-22	Sci-Hub	64.5
2017-10-29	LibGen	51.52
2017-10-29	Sci-Hub	58.05
2017-11-05	LibGen	55.64
2017-11-05	Sci-Hub	73.1
2017-11-12	LibGen	53.58
2017-11-12	Sci-Hub	68.8
2017-11-19	LibGen	53.58
2017-11-19	Sci-Hub	144.06
2017-11-26	LibGen	53.58
2017-11-26	Sci-Hub	146.21
2017-12-03	LibGen	55.64
2017-12-03	Sci-Hub	197.81
2017-12-10	LibGen	59.76
2017-12-10	Sci-Hub	215.01
2017-12-17	LibGen	55.64
2017-12-17	Sci-Hub	124.71
2017-12-24	LibGen	47.4
2017-12-24	Sci-Hub	86.01
