scopus_id	quantile	downloads	visitors	countries	days	months
12001	0	0	0	0	0	0
12001	0.01	0	0	0	0	0
12001	0.02	0	0	0	0	0
12001	0.03	0	0	0	0	0
12001	0.04	0	0	0	0	0
12001	0.05	0	0	0	0	0
12001	0.06	0	0	0	0	0
12001	0.07	0	0	0	0	0
12001	0.08	0	0	0	0	0
12001	0.09	0	0	0	0	0
12001	0.1	0	0	0	0	0
12001	0.11	0	0	0	0	0
12001	0.12	0	0	0	0	0
12001	0.13	0	0	0	0	0
12001	0.14	0	0	0	0	0
12001	0.15	0	0	0	0	0
12001	0.16	0	0	0	0	0
12001	0.17	0	0	0	0	0
12001	0.18	0	0	0	0	0
12001	0.19	0	0	0	0	0
12001	0.2	0	0	0	0	0
12001	0.21	0	0	0	0	0
12001	0.22	0	0	0	0	0
12001	0.23	0	0	0	0	0
12001	0.24	0	0	0	0	0
12001	0.25	0	0	0	0	0
12001	0.26	0	0	0	0	0
12001	0.27	0	0	0	0	0
12001	0.28	0	0	0	0	0
12001	0.29	0	0	0	0	0
12001	0.3	0	0	0	0	0
12001	0.31	0	0	0	0	0
12001	0.32	0	0	0	0	0
12001	0.33	0	0	0	0	0
12001	0.34	0	0	0	0	0
12001	0.35	0	0	0	0	0
12001	0.36	0	0	0	0	0
12001	0.37	0	0	0	0	0
12001	0.38	0	0	0	0	0
12001	0.39	0	0	0	0	0
12001	0.4	0	0	0	0	0
12001	0.41	0	0	0	0	0
12001	0.42	0	0	0	0	0
12001	0.43	0	0	0	0	0
12001	0.44	0	0	0	0	0
12001	0.45	0	0	0	0	0
12001	0.46	0	0	0	0	0
12001	0.47	0	0	0	0	0
12001	0.48	0	0	0	0	0
12001	0.49	0	0	0	0	0
12001	0.5	0	0	0	0	0
12001	0.51	0	0	0	0	0
12001	0.52	0	0	0	0	0
12001	0.53	0	0	0	0	0
12001	0.54	0	0	0	0	0
12001	0.55	0	0	0	0	0
12001	0.56	0	0	0	0	0
12001	0.57	0	0	0	0	0
12001	0.58	0	0	0	0	0
12001	0.59	0	0	0	0	0
12001	0.6	0	0	0	0	0
12001	0.61	0	0	0	0	0
12001	0.62	0	0	0	0	0
12001	0.63	0	0	0	0	0
12001	0.64	0	0	0	0	0
12001	0.65	0	0	0	0	0
12001	0.66	0	0	0	0	0
12001	0.67	0	0	0	0	0
12001	0.68	0	0	0	0	0
12001	0.69	0	0	0	0	0
12001	0.7	0	0	0	0	0
12001	0.71	0	0	0	0	0
12001	0.72	0.52	0.52	0.52	0.52	0.52
12001	0.73	1	1	1	1	1
12001	0.74	1	1	1	1	1
12001	0.75	1	1	1	1	1
12001	0.76	1	1	1	1	1
12001	0.77	1	1	1	1	1
12001	0.78	1	1	1	1	1
12001	0.79	1	1	1	1	1
12001	0.8	1	1	1	1	1
12001	0.81	1	1	1	1	1
12001	0.82	1	1	1	1	1
12001	0.83	1	1	1	1	1
12001	0.84	1	1	1	1	1
12001	0.85	1.35	1.35	1	1.35	1
12001	0.86	2	2	1	2	1
12001	0.87	2	2	1	2	1
12001	0.88	2	2	1.08	2	1
12001	0.89	2	2	1.99	2	1
12001	0.9	2	2	2	2	1.9
12001	0.91	2	2	2	2	2
12001	0.92	2.72	2	2	2	2
12001	0.93	3	2	2	2.63	2
12001	0.94	3	2.54	2	3	2
12001	0.95	3	3	2	3	2
12001	0.96	3.36	3	2	3	2
12001	0.97	4	3	2.27	3.27	2.27
12001	0.98	4.18	3.36	3	4.18	3
12001	0.99	5.09	5.09	3.09	5.09	3.09
