doi	scihub	penntext	penn	open	oadoi_color	oadoi
10.1001/jama.1929.02710170061025	1	1	1	0	closed	0
10.1001/jama.1965.03080200059025	1	1	1	0	closed	0
10.1001/jama.286.15.1829-jha10010-2-1	1	1	1	0	closed	0
10.1002/14651858.cd008009.pub2	1	0	1	0	closed	0
10.1002/adma.201203169	1	1	1	0	green	1
10.1002/app.33676	1	1	1	0	closed	0
10.1002/chin.197531174	0	0	1	0	closed	0
10.1002/chin.198935250	1	0	0	0	closed	0
10.1002/clc.4960191106	1	1	1	1	bronze	1
10.1002/ejic.201000632	1	1	1	0	closed	0
10.1002/hbm.23089	1	1	1	1	hybrid	1
10.1002/hec.3406	1	1	1	0	closed	0
10.1002/ird.1741	1	1	1	0	closed	0
10.1002/jbt.21429	1	1	1	0	closed	0
10.1002/jctb.2399	1	1	1	0	closed	0
10.1002/jnr.1149	1	1	1	0	closed	0
10.1002/joc.4137	1	1	1	0	closed	0
10.1002/lt.21788	1	1	1	1	bronze	1
10.1002/mana.200810108	1	1	1	0	closed	0
10.1002/mawe.201400270	1	1	1	0	closed	0
10.1002/nbm.3458	1	1	1	1	closed	0
10.1002/phbl.19510070201	1	0	1	1	bronze	1
10.1002/prac.18430290165	1	0	1	0	closed	0
10.1002/rcs.260	1	1	1	0	closed	0
10.1002/zaac.19402430401	1	0	1	0	closed	0
10.1002/zamm.19660460319	1	0	1	0	closed	0
10.1007/978-1-4614-2251-8_15	1	0	0	0	closed	0
10.1007/978-3-658-12388-8_1	1	0	0	0	closed	0
10.1007/978-3-662-46450-2_1	1	1	1	0	closed	0
10.1007/978-94-007-6173-5_139-1	1	0	1	0	closed	0
10.1007/978-94-011-4683-8_4	0	0	0	0	closed	0
10.1007/bf01221875	1	0	0	0	closed	0
10.1007/bf01257666	1	0	0	0	closed	0
10.1007/bf01441062	1	0	0	0	closed	0
10.1007/bf01557174	1	0	0	0	closed	0
10.1007/bf01678469	1	0	0	0	closed	0
10.1007/bf03164593	1	0	0	0	closed	0
10.1007/s00198-009-0859-4	1	1	1	1	closed	0
10.1007/s00220-008-0617-z	1	1	1	0	green	1
10.1007/s00228-011-1062-z	1	1	1	0	closed	0
10.1007/s00256-011-1139-x	1	1	1	0	closed	0
10.1007/s00259-008-0886-y	1	1	1	0	closed	0
10.1007/s00261-016-0956-8	1	0	1	0	closed	0
10.1007/s00299-011-1089-8	1	1	1	0	closed	0
10.1007/s00299-013-1511-5	1	1	1	0	closed	0
10.1007/s00330-014-3105-1	1	1	1	0	closed	0
10.1007/s00339-011-6489-7	1	1	1	0	closed	0
10.1007/s00383-009-2443-6	1	1	1	0	closed	0
10.1007/s00419-012-0674-9	1	1	1	0	closed	0
10.1007/s004260050046	1	1	1	0	closed	0
10.1007/s00500-012-0855-z	1	1	1	0	closed	0
10.1007/s00705-015-2440-0	1	1	1	1	hybrid	1
10.1007/s00707-014-1275-1	1	1	1	0	green	1
10.1007/s00710-012-0253-3	1	1	1	0	closed	0
10.1007/s10140-015-1361-2	1	1	1	0	closed	0
10.1007/s10269-012-2235-9	1	1	1	0	closed	0
10.1007/s10342-014-0819-1	1	1	1	0	closed	0
10.1007/s10703-010-0095-8	1	1	1	0	green	1
10.1007/s10719-015-9582-x	1	1	1	0	closed	0
10.1007/s10904-012-9658-z	1	1	1	0	closed	0
10.1007/s10953-011-9656-8	1	1	1	0	closed	0
10.1007/s10957-010-9771-5	1	1	1	0	closed	0
10.1007/s11018-015-0735-x	1	1	1	0	closed	0
10.1007/s11046-014-9755-3	1	1	1	0	closed	0
10.1007/s11069-010-9629-z	1	1	1	0	closed	0
10.1007/s11069-015-1672-3	1	1	1	0	closed	0
10.1007/s11240-014-0590-5	1	1	1	0	closed	0
10.1007/s11356-015-4440-8	1	1	1	0	closed	0
10.1007/s11845-010-0519-x	1	1	1	0	closed	0
10.1007/s11999-011-2149-7	1	1	1	0	green	1
10.1007/s12098-014-1424-5	1	1	1	0	closed	0
10.1007/s12494-010-0025-6	1	0	0	0	closed	0
10.1007/s12671-013-0249-z	1	1	1	0	closed	0
10.1007/s13233-010-1108-6	1	1	1	0	closed	0
10.1007/s13258-015-0315-0	1	1	1	0	green	1
10.1016/0001-6160(67)90369-0	1	1	1	0	closed	0
10.1016/0002-9394(54)91770-5	1	0	0	0	closed	0
10.1016/0021-9517(79)90166-0	1	0	1	1	closed	0
10.1016/0022-1031(69)90003-1	1	0	0	0	closed	0
10.1016/0047-259x(80)90079-2	1	1	1	1	hybrid	1
10.1016/0272-6386(95)90111-6	1	1	1	0	closed	0
10.1016/0306-2619(90)90086-s	1	0	0	0	closed	0
10.1016/0370-2693(85)90704-x	1	1	1	1	closed	0
10.1016/j.aap.2013.05.024	1	1	1	0	closed	0
10.1016/j.acme.2015.05.007	1	1	1	0	closed	0
10.1016/j.actamat.2012.03.036	1	1	1	0	green	1
10.1016/j.ajem.2010.02.002	1	1	1	0	closed	0
10.1016/j.ajic.2010.12.005	1	1	1	0	closed	0
10.1016/j.alcohol.2015.01.007	1	1	1	0	closed	0
10.1016/j.algal.2015.03.020	1	1	1	0	closed	0
10.1016/j.anucene.2014.08.002	1	1	1	0	closed	0
10.1016/j.apcatb.2012.03.017	1	1	1	1	closed	0
10.1016/j.apm.2012.08.009	1	1	1	1	bronze	1
10.1016/j.apm.2016.07.022	1	1	1	0	closed	0
10.1016/j.apmr.2009.04.004	1	1	1	1	bronze	1
10.1016/j.apsoil.2005.12.009	1	1	1	0	closed	0
10.1016/j.aquaculture.2012.04.048	1	1	1	0	closed	0
10.1016/j.arth.2013.06.004	1	1	1	0	closed	0
10.1016/j.arthro.2015.04.093	1	1	1	1	bronze	1
10.1016/j.biomaterials.2014.01.064	1	1	1	0	green	1
10.1016/j.biopha.2016.08.042	1	1	1	1	closed	0
10.1016/j.biortech.2017.02.068	1	1	1	0	closed	0
10.1016/j.carbon.2014.03.019	1	1	1	1	closed	0
10.1016/j.carbon.2014.05.057	1	1	1	1	closed	0
10.1016/j.cell.2015.03.027	1	1	1	1	hybrid	1
10.1016/j.chroma.2012.12.040	1	1	1	1	closed	0
10.1016/j.clon.2009.11.003	1	1	1	0	closed	0
10.1016/j.cognition.2010.08.010	1	1	1	1	closed	0
10.1016/j.combustflame.2013.06.004	1	1	1	0	closed	0
10.1016/j.cplett.2008.11.079	1	1	1	0	closed	0
10.1016/j.cub.2015.10.044	1	1	1	1	hybrid	1
10.1016/j.dam.2008.12.008	1	1	1	1	hybrid	1
10.1016/j.dsr.2014.08.008	1	1	1	0	closed	0
10.1016/j.dyepig.2014.04.021	1	1	1	0	closed	0
10.1016/j.ecoenv.2010.08.042	1	1	1	0	closed	0
10.1016/j.econmod.2016.04.016	1	1	1	0	closed	0
10.1016/j.ejmech.2014.11.044	1	1	1	0	closed	0
10.1016/j.ejor.2008.02.026	1	1	1	1	closed	0
10.1016/j.energy.2013.12.004	1	1	1	0	closed	0
10.1016/j.enganabound.2010.08.010	1	1	1	0	closed	0
10.1016/j.enzmictec.2011.10.004	1	1	1	1	closed	0
10.1016/j.eswa.2011.01.088	1	1	1	0	closed	0
10.1016/j.exer.2015.03.001	1	1	1	0	closed	0
10.1016/j.foodcont.2015.07.002	1	1	1	1	hybrid	1
10.1016/j.heares.2009.10.009	1	1	1	0	green	1
10.1016/j.hrthm.2015.04.032	1	1	1	0	closed	0
10.1016/j.infbeh.2015.03.005	1	1	1	0	closed	0
10.1016/j.infoandorg.2009.08.001	1	1	1	0	green	1
10.1016/j.it.2015.01.001	1	1	1	0	green	1
10.1016/j.jad.2016.08.055	1	1	1	1	bronze	1
10.1016/j.janxdis.2010.11.010	1	1	1	0	green	1
10.1016/j.jclepro.2011.12.037	1	1	1	1	closed	0
10.1016/j.jcrs.2009.05.005	1	1	0	0	closed	0
10.1016/j.jempfin.2015.09.001	1	1	1	1	closed	0
10.1016/j.jenvman.2012.09.016	1	1	1	0	closed	0
10.1016/j.jesp.2016.09.005	1	1	1	0	bronze	1
10.1016/j.jfca.2004.03.005	1	1	1	0	closed	0
10.1016/j.jhsa.2013.06.025	1	1	0	0	closed	0
10.1016/j.jim.2009.05.011	1	1	1	1	green	1
10.1016/j.jlumin.2010.04.012	1	1	1	0	closed	0
10.1016/j.jsams.2012.11.346	1	1	1	0	closed	0
10.1016/j.jsis.2016.02.004	1	1	1	1	bronze	1
10.1016/j.margeo.2012.02.001	1	1	1	0	closed	0
10.1016/j.matlet.2013.10.025	1	1	1	0	closed	0
10.1016/j.mri.2015.01.006	1	1	1	1	closed	0
10.1016/j.nahs.2010.09.002	1	1	1	0	closed	0
10.1016/j.neulet.2011.01.024	1	1	1	0	green	1
10.1016/j.oceaneng.2014.03.009	1	1	1	0	closed	0
10.1016/j.optcom.2014.04.028	1	1	1	0	closed	0
10.1016/j.paid.2009.10.022	1	1	1	1	closed	0
10.1016/j.paid.2014.12.017	1	1	1	0	closed	0
10.1016/j.pec.2014.08.021	1	1	1	0	green	1
10.1016/j.peptides.2008.10.005	1	1	1	0	closed	0
10.1016/j.physletb.2015.10.071	1	1	1	1	gold	1
10.1016/j.plantsci.2013.03.006	1	1	1	0	closed	0
10.1016/j.polymer.2012.09.035	1	1	1	0	closed	0
10.1016/j.powtec.2010.02.012	1	1	1	1	closed	0
10.1016/j.prp.2008.08.007	1	1	1	0	closed	0
10.1016/j.pt.2011.06.004	1	1	1	0	closed	0
10.1016/j.rehab.2014.03.1380	1	1	1	1	hybrid	1
10.1016/j.ridd.2008.09.003	1	1	1	1	closed	0
10.1016/j.rse.2006.08.009	1	1	1	0	green	1
10.1016/j.rvsc.2008.07.019	1	1	1	0	closed	0
10.1016/j.saa.2010.06.006	1	1	1	1	closed	0
10.1016/j.scient.2011.05.025	1	0	1	1	hybrid	1
10.1016/j.sedgeo.2017.03.003	1	1	1	1	closed	0
10.1016/j.semarthrit.2011.06.005	1	1	1	0	closed	0
10.1016/j.sleep.2013.11.336	1	1	1	0	closed	0
10.1016/j.talanta.2010.02.020	1	1	1	0	closed	0
10.1016/j.tripleo.2011.04.007	1	1	1	0	green	1
10.1016/j.urology.2009.02.012	1	1	1	0	closed	0
10.1016/j.vetmic.2013.10.018	1	1	1	1	closed	0
10.1016/j.wasman.2013.10.006	1	1	1	1	closed	0
10.1016/j.wombi.2015.07.017	1	1	1	0	closed	0
10.1016/j.ydbio.2014.12.009	1	1	1	1	hybrid	1
10.1016/j.ygeno.2014.10.003	1	1	1	0	green	1
10.1016/s0011-8486(11)00306-2	1	1	1	0	closed	0
10.1016/s0022-5347(01)65146-2	1	1	1	0	closed	0
10.1016/s0140-6736(01)12543-2	1	1	1	0	closed	0
10.1016/s0168-8278(87)80474-9	1	1	1	0	closed	0
10.1016/s0171-2985(80)80037-4	1	0	0	0	closed	0
10.1016/s0960-894x(02)00829-6	1	1	1	0	closed	0
10.1016/s1075-4210(99)90058-5	1	1	1	0	closed	0
10.1016/s1161-0301(02)00081-3	1	1	1	0	closed	0
10.1017/jfm.2016.238	1	1	1	0	closed	0
10.1017/s0004972715001860	1	0	0	0	closed	0
10.1017/s0007485307005305	1	0	0	0	green	1
10.1017/s0020860400011542	1	0	0	0	closed	0
10.1017/s1357729800051109	0	0	0	0	closed	0
10.1017/s1470542707000098	1	1	1	0	closed	0
10.1021/ac961945v	1	1	1	0	closed	0
10.1021/acs.chemmater.5b00878	1	1	1	0	closed	0
10.1021/acs.energyfuels.6b02923	0	1	1	0	closed	0
10.1021/acs.jafc.5b00932	1	1	1	0	closed	0
10.1021/acs.nanolett.5b04259	1	1	1	1	hybrid	1
10.1021/acsami.5b03179	1	1	1	0	closed	0
10.1021/i650568a711	1	1	1	0	closed	0
10.1021/ic202054t	1	1	1	0	closed	0
10.1021/ic5005243	1	1	1	0	closed	0
10.1021/ja071641y	1	1	1	1	hybrid	1
10.1021/ja107341f	1	1	1	0	green	1
10.1021/je201349k	1	1	1	0	closed	0
10.1021/jf0403078	1	1	1	0	closed	0
10.1021/jp1098156	1	1	1	0	closed	0
10.1021/jp5054452	1	1	1	1	green	1
10.1021/ma900452x	1	1	1	0	closed	0
10.1021/nl400586t	1	1	1	0	closed	0
10.1021/om200288e	1	1	1	0	closed	0
10.1023/a:1014465220673	1	1	1	0	closed	0
10.1029/2000wr900383	1	0	1	0	bronze	1
10.1029/2011jd016541	0	0	1	1	bronze	1
10.1038/055051b0	1	1	1	0	closed	0
10.1038/121170a0	1	1	1	0	closed	0
10.1038/jhh.2016.76	1	1	1	0	closed	0
10.1038/nature12393	1	1	1	0	green	1
10.1038/nature13274	1	1	1	0	green	1
10.1038/nphoton.2017.16	1	1	1	0	closed	0
10.1038/nphys1766	1	1	1	1	closed	0
10.1038/nrm2890	1	1	1	0	green	1
10.1038/s41550-016-0030	0	0	1	1	bronze	1
10.1038/srep04528	1	1	1	1	gold	1
10.1038/srep34005	1	1	1	1	gold	1
10.1038/srep41007	1	1	1	1	gold	1
10.1039/b507787g	1	1	1	0	closed	0
10.1039/b913578b	1	1	1	0	green	1
10.1039/c0mb00002g	1	1	1	0	closed	0
10.1039/c3gc36844k	1	1	1	0	closed	0
10.1039/c4ce00357h	1	1	1	0	closed	0
10.1039/tf9656100383	1	1	1	0	closed	0
10.1044/1092-4388(2011/10-0263)	1	1	1	0	closed	0
10.1049/el.2015.0457	1	1	0	0	closed	0
10.1051/0004-6361/201321042	1	1	1	1	bronze	1
10.1051/eas/1042000	0	0	0	0	closed	0
10.1053/apmr.2002.30627	1	1	1	1	bronze	1
10.1055/s-0035-1558152	1	1	1	0	closed	0
10.1055/s-2005-916195	1	1	1	0	closed	0
10.1056/nejmicm1502932	1	1	1	1	bronze	1
10.1056/nejmra032393	1	1	1	0	closed	0
10.1057/jors.2010.132	1	1	1	0	closed	0
10.1057/palgrave.development.1100225	1	1	1	0	closed	0
10.1061/(asce)0899-1561(2000)12:4(314)	1	1	0	0	closed	0
10.1063/1.3692289	1	1	1	0	closed	0
10.1063/1.4773289	1	1	1	0	closed	0
10.1063/1.4817589	1	1	1	1	gold	1
10.1063/1.4869572	1	1	1	0	closed	0
10.1063/1.4898692	1	1	1	0	closed	0
10.1063/1.4938548	1	1	1	1	gold	1
10.1065/espr2007.01.375	1	1	1	0	closed	0
10.1071/fp14035	1	0	1	1	bronze	1
10.1073/pnas.1001515107	1	1	1	1	bronze	1
10.1073/pnas.1200237109	1	1	1	1	bronze	1
10.1073/pnas.1218772110	1	1	1	1	bronze	1
10.1073/pnas.88.24.11241	1	1	1	1	bronze	1
10.1074/jbc.273.3.1373	1	1	1	1	bronze	1
10.1074/jbc.m111.286534	1	1	1	1	bronze	1
10.1074/jbc.m115.688275	1	1	1	1	hybrid	1
10.1080/00150190902848156	1	0	0	0	closed	0
10.1080/00220387608421603	1	1	1	0	closed	0
10.1080/00221325.2016.1148659	1	1	1	0	closed	0
10.1080/00222338008068111	1	0	0	0	closed	0
10.1080/00377996.1953.9957299	1	0	0	0	closed	0
10.1080/01490419.2011.637154	1	1	0	0	closed	0
10.1080/0889311x.2014.973868	1	0	0	0	green	1
10.1080/09575146.2014.968838	1	1	1	0	closed	0
10.1080/09585192.2016.1242508	1	1	0	0	closed	0
10.1080/09638191003599527	1	1	1	0	closed	0
10.1080/10304312.2011.597845	1	1	1	0	closed	0
10.1080/14754835.2014.923754	1	1	0	0	closed	0
10.1080/14786419.2014.988714	1	0	0	0	closed	0
10.1080/15423166.2014.984580	1	1	1	0	closed	0
10.1080/19386389.2015.1111126	1	1	1	0	closed	0
10.1080/19447015408688036	1	0	0	0	closed	0
10.1086/270024	1	1	1	1	closed	0
10.1086/669180	1	1	1	1	green	1
10.1086/684103	1	1	1	0	closed	0
10.1088/0031-8949/2012/t151/014032	1	1	1	0	green	1
10.1088/0305-4470/29/18/030	1	1	1	0	closed	0
10.1088/0957-4484/26/6/065702	1	1	1	0	closed	0
10.1088/1478-3975/9/4/045011	1	1	1	0	green	1
10.1089/cmb.2009.0078	1	1	1	0	closed	0
10.1089/lap.2013.0333	1	1	1	0	closed	0
10.1089/neu.2014.3492	1	1	1	0	green	1
10.1089/ten.tea.2010.0130	1	1	1	0	closed	0
10.1093/bja/aeu441	1	1	1	1	bronze	1
10.1093/eurpub/ckt078	1	1	1	1	bronze	1
10.1093/humrep/det283	1	1	1	1	bronze	1
10.1093/mnras/89.4.329	1	0	1	1	bronze	1
10.1093/molehr/gaq017	1	0	1	1	bronze	1
10.1093/nar/gkh603	1	0	1	1	bronze	1
10.1093/qjmed/hct203	1	0	1	1	hybrid	1
10.1093/rpd/ncs007	1	1	1	0	closed	0
10.1093/shm/hkr178	1	1	1	0	closed	0
10.1093/toxsci/kft259	1	0	1	1	bronze	1
10.1097/00000441-195502000-00029	0	1	1	0	closed	0
10.1097/00001888-197312000-00009	0	0	0	0	closed	0
10.1097/00006454-199712000-00019	0	1	1	0	closed	0
10.1097/00132981-200412000-00038	0	1	1	1	closed	0
10.1097/acm.0000000000000545	1	0	1	1	bronze	1
10.1097/ccm.0b013e31821b85c6	1	0	1	0	green	1
10.1097/fjc.0b013e3181ac8e12	1	1	1	0	closed	0
10.1097/icu.0b013e328349229e	1	1	1	0	closed	0
10.1097/jcp.0b013e31814ce3ef	1	1	1	0	closed	0
10.1097/phm.0b013e3181c56938	1	1	1	0	closed	0
10.1097/sla.0000000000000850	1	1	1	0	bronze	1
10.1098/rspb.2014.1860	1	1	1	1	bronze	1
10.1098/rstb.2011.0004	1	1	1	1	bronze	1
10.1101/gr.1784803	1	1	1	1	bronze	1
10.1103/physrevaccelbeams.19.022002	0	1	1	1	gold	1
10.1103/physrevb.71.054511	1	1	1	0	green	1
10.1103/physrevlett.44.1629	1	1	1	0	closed	0
10.1103/physrevlett.51.1050	1	1	1	0	closed	0
10.1103/physrevlett.67.159	1	1	1	0	closed	0
10.1103/physrevx.5.041021	1	1	1	1	gold	1
10.1107/s0108767388009286	1	0	1	0	bronze	1
10.1108/maj-10-2014-1103	1	1	1	0	closed	0
10.1108/s1479-3679(2013)0000020014	1	0	0	0	closed	0
10.1109/chicc.2016.7554656	1	1	0	0	closed	0
10.1109/ijcnn.2007.4371306	1	0	0	0	green	1
10.1109/isgteurope.2010.5638890	1	1	0	0	closed	0
10.1109/jrproc.1955.277857	1	1	0	0	closed	0
10.1109/jssc.2008.921439	1	1	1	1	bronze	1
10.1109/lpt.2012.2202104	1	1	0	0	closed	0
10.1109/tasc.2011.2178847	1	1	0	0	closed	0
10.1109/taslp.2015.2469142	1	1	1	0	closed	0
10.1109/tcyb.2016.2545688	1	1	0	0	closed	0
10.1109/tnet.2013.2276063	1	1	0	0	green	1
10.1111/1475-4932.12018	1	1	1	0	closed	0
10.1111/1536-7150.00177	1	1	1	0	closed	0
10.1111/apm.12120	1	1	1	0	closed	0
10.1111/cico.12174	1	1	1	0	closed	0
10.1111/evo.13177	1	1	1	0	closed	0
10.1111/gequ.10192	1	1	1	0	closed	0
10.1111/j.1365-2761.2009.01136.x	1	1	1	0	green	1
10.1111/j.1365-4632.2012.05709.x	1	1	1	0	closed	0
10.1111/j.1440-1754.2006.00931.x	1	1	1	0	closed	0
10.1111/j.1440-1754.2010.01778.x	1	1	1	0	closed	0
10.1111/j.1467-7660.2007.00481.x	1	1	1	0	closed	0
10.1111/j.1467-9868.2007.00644.x	1	1	1	0	closed	0
10.1111/j.1468-0262.2006.00716.x	1	1	1	0	green	1
10.1111/j.1468-5914.1986.tb00063.x	1	0	1	0	closed	0
10.1111/j.1476-5810.2005.0064t.x	1	1	1	0	closed	0
10.1111/j.1478-4408.1958.tb02258.x	1	0	1	0	closed	0
10.1111/j.1537-2995.2009.02200.x	1	1	1	0	green	1
10.1111/j.1540-4781.2011.01191.x	1	1	1	0	closed	0
10.1111/j.1540-6245.2008.00301_4.x	1	1	1	0	closed	0
10.1111/j.1540-6520.2010.00384.x	1	1	1	0	closed	0
10.1111/j.1550-7408.1962.tb02648.x	1	0	1	0	closed	0
10.1111/j.1582-4934.2010.01096.x	1	1	1	1	bronze	1
10.1111/j.1600-0404.1999.tb00671.x	1	1	1	0	closed	0
10.1111/j.1749-6632.1986.tb26492.x	1	1	1	0	closed	0
10.1111/j.2044-8325.2012.02058.x	1	1	0	0	closed	0
10.1111/jcms.12525	1	1	1	0	closed	0
10.1111/jcpp.12080	1	1	1	0	green	1
10.1111/jeb.12212	1	1	1	1	bronze	1
10.1111/jeb.12695	1	1	1	1	closed	0
10.1111/medu.12246	1	1	1	1	bronze	1
10.1111/nmo.12339	1	1	1	0	closed	0
10.1111/nph.14486	1	1	1	1	bronze	1
10.1111/tpj.12722	1	1	1	1	hybrid	1
10.1113/jphysiol.2012.235606	1	1	1	1	bronze	1
10.1115/1.3139652	1	1	1	0	closed	0
10.1115/1.4002290	1	1	1	0	green	1
10.1126/science.1098148	1	1	0	0	closed	0
10.1128/iai.06179-11	1	1	1	1	bronze	1
10.1128/jvi.80.8.3994-4004.2006	1	1	1	1	bronze	1
10.1134/s0013873809010047	1	1	1	0	closed	0
10.1134/s1028334x10090126	1	1	1	0	closed	0
10.1134/s1061933x10050078	1	1	1	0	closed	0
10.1134/s2070048215040079	1	1	1	0	closed	0
10.1136/adc.69.1_spec_no.52	1	1	1	0	bronze	1
10.1136/bmj.1.4706.586	0	0	1	0	green	1
10.1136/jcp.36.10.1181	1	1	1	1	bronze	1
10.1136/sextrans-2013-051184.0308	0	1	1	1	bronze	1
10.1136/thx.54.8.714	1	1	1	1	bronze	1
10.1137/060665609	1	1	1	0	closed	0
10.1143/jjap.50.066502	1	1	1	0	closed	0
10.1143/jpsj.50.3131	0	1	1	0	closed	0
10.1143/jpsj.60.1157	0	1	1	0	closed	0
10.1144/0016-764904-156	1	1	1	0	closed	0
10.1146/annurev-psych-010213-115100	1	1	1	0	closed	0
10.1146/annurev.publhealth.18.1.341	1	1	1	1	bronze	1
10.1155/1896/62140	0	1	1	1	gold	1
10.1155/2013/313905	1	1	1	1	gold	1
10.1155/2013/765627	1	1	1	1	gold	1
10.1155/2013/959761	1	1	1	1	gold	1
10.1158/1078-0432.ccr-10-3105	1	1	1	1	bronze	1
10.1163/156853303768266290	1	1	1	0	closed	0
10.1167/iovs.12-10257	0	1	1	1	bronze	1
10.1175/bams-85-3-381	1	1	1	1	bronze	1
10.1177/0002764217693277	1	1	1	0	closed	0
10.1177/0272989x08315241	1	1	1	0	closed	0
10.1177/1359105313509733	1	1	1	1	hybrid	1
10.1179/136404609x12572514498892	1	0	0	0	closed	0
10.1182/blood.v99.3.863	1	1	1	1	bronze	1
10.1186/ar4130	1	1	1	1	gold	1
10.1186/s12864-015-1821-9	1	1	1	1	gold	1
10.1186/s12864-017-3494-z	0	1	1	0	gold	1
10.1186/s12880-016-0161-9	0	1	1	1	gold	1
10.1186/s12889-016-3008-y	1	1	1	1	gold	1
10.1186/s12891-017-1482-8	0	1	1	1	gold	1
10.1186/s12967-014-0256-4	1	1	1	1	gold	1
10.1186/s13072-017-0121-9	0	1	1	1	gold	1
10.1200/jco.2012.43.5800	1	1	1	1	closed	0
10.1208/s12249-011-9724-9	1	1	1	0	green	1
10.1209/0295-5075/93/50003	1	1	1	0	green	1
10.1210/jc.2009-0474	1	1	1	1	bronze	1
10.1210/me.2004-0071	1	1	1	1	bronze	1
10.1227/neu.0b013e3182889e27	1	1	1	0	closed	0
10.1242/jcs.070300	1	1	1	1	bronze	1
10.12688/f1000research.3-45.v1	0	1	1	1	gold	1
10.1353/leg.0.0005	0	1	1	0	closed	0
10.1364/oe.24.029109	0	1	1	1	closed	0
10.1371/journal.pgen.1001343	1	1	1	1	gold	1
10.1371/journal.pone.0012493	0	1	1	1	gold	1
10.1371/journal.pone.0020660	0	1	1	1	gold	1
10.1371/journal.pone.0071370	0	1	1	1	gold	1
10.1371/journal.pone.0112908	0	1	1	1	gold	1
10.1371/journal.pone.0147523	0	1	1	1	gold	1
10.1507/endocrine1927.16.2_89	1	1	1	1	bronze	1
10.1515/ci.2008.30.1.8	1	0	1	1	closed	0
10.1515/ijnsns-2011-0005	1	0	0	0	closed	0
10.1515/jnet.1983.8.4.255	1	0	0	0	closed	0
10.1517/13543776.2012.684946	1	0	0	0	closed	0
10.1517/17460441.2015.1079618	1	0	0	0	green	1
10.15171/ijhpm.2014.126	0	1	1	1	gold	1
10.1523/jneurosci.0911-13.2014	1	1	1	1	bronze	1
10.1525/jps.2005.35.1.60	1	1	1	0	closed	0
10.15261/serdj.22.177	0	1	1	1	bronze	1
10.1587/transele.e92.c.1504	0	0	0	0	closed	0
10.1590/0004-2730000003427	0	1	1	1	hybrid	1
10.1590/1413-81232015213.25332015	0	1	1	1	gold	1
10.1590/198053143331	0	1	1	1	gold	1
10.1590/s0100-40422009000700033	0	1	1	1	gold	1
10.1590/s0101-32622002000200003	0	1	1	1	gold	1
10.1590/s1413-35552007000100013	0	1	1	1	hybrid	1
10.1603/033.046.0120	1	1	1	1	closed	0
10.1666/13-092	1	1	1	0	closed	0
10.1680/geot.2004.54.3.233	1	0	0	0	closed	0
10.16995/olh.37	0	1	1	1	gold	1
10.17816/jowd6265-11	0	0	1	1	hybrid	1
10.18201/ijisae.273053	0	0	1	1	closed	0
10.18632/oncotarget.4489	0	1	1	1	hybrid	1
10.1890/11-1817.1	1	1	1	0	closed	0
10.19130/iifl.ap.2003.2.160	0	1	1	1	gold	1
10.20531/tfb.2016.44.1.11	0	0	1	1	hybrid	1
10.2136/sssaj2005.0463	0	1	1	0	closed	0
10.2139/ssrn.1394745	0	0	1	1	closed	0
10.2165/00003495-198300252-00083	1	0	0	0	closed	0
10.2174/0929867311320230002	0	1	0	0	closed	0
10.2174/1874210601610010338	0	1	1	1	hybrid	1
10.2214/ajr.13.12055	1	1	1	1	closed	0
10.2306/scienceasia1513-1874.2013.39.204	0	0	1	1	bronze	1
10.2307/1122632	1	1	1	0	closed	0
10.2307/1882737	1	1	0	0	closed	0
10.2307/2205376	1	1	1	1	closed	0
10.2307/3121146	1	1	0	0	closed	0
10.2307/317747	1	1	1	0	closed	0
10.2307/3726111	1	1	1	0	closed	0
10.2307/3736092	1	1	1	0	closed	0
10.2307/3795274	1	1	1	0	closed	0
10.2508/chikusan.38.481	0	1	1	1	bronze	1
10.3109/0886022x.2015.1077315	1	1	1	1	bronze	1
10.3109/17453059209051382	1	0	0	0	closed	0
10.3109/19401736.2012.674125	1	1	0	0	closed	0
10.3168/jds.s0022-0302(04)73547-x	1	1	1	0	closed	0
10.3171/2016.10.spine16627	1	1	1	0	closed	0
10.3174/ajnr.a3955	1	1	1	1	bronze	1
10.3233/jnd-160146	1	0	1	1	bronze	1
10.3389/fmicb.2015.00211	1	1	1	1	gold	1
10.3389/fncom.2017.00006	0	1	1	1	gold	1
10.3389/fnhum.2014.00492	0	1	1	1	gold	1
10.3389/fpsyg.2014.01090	0	1	1	1	gold	1
10.3389/fpsyg.2014.01489	0	1	1	1	gold	1
10.3390/ijerph14020185	0	1	1	1	gold	1
10.3727/096368912x655154	1	0	1	1	closed	0
10.3758/s13414-014-0713-4	1	1	1	0	closed	0
10.3791/51308	1	1	1	0	green	1
10.3828/tpr.10.3.m23611542l2452v2	0	1	0	0	closed	0
10.3855/jidc.4620	1	0	1	1	hybrid	1
10.3892/or.2012.2190	1	0	1	1	bronze	1
10.3934/dcds.2016103	0	0	0	0	bronze	1
10.3934/dcdsb.2014.19.485	1	0	0	0	bronze	1
10.4000/rea.205	0	1	1	1	bronze	1
10.4028/www.scientific.net/kem.334-335.681	1	1	1	0	closed	0
10.4065/mcp.2011.0128	1	1	0	0	bronze	1
10.4103/0974-620x.106112	0	1	1	1	gold	1
10.4153/cmb-1976-068-0	0	1	1	1	closed	0
10.4162/nrp.2013.7.1.15	0	1	1	1	hybrid	1
10.4322/polimeros.2014.050	0	1	1	1	gold	1
10.5059/yukigoseikyokaishi.60.701	0	1	1	1	bronze	1
10.5104/jiep1986.2.267	0	1	1	1	bronze	1
10.5114/wiitm.2011.26758	0	1	1	1	gold	1
10.5194/amt-6-861-2013	0	1	1	1	gold	1
10.5312/wjo.v6.i2.263	0	1	1	1	hybrid	1
10.5408/1.3604824	0	0	1	1	bronze	1
10.5665/sleep.1290	0	1	1	1	bronze	1
10.7554/elife.25257	0	1	1	1	gold	1
10.7748/eldc.6.5.41.s39	0	0	0	0	closed	0
10.9789/2175-5361.2013v5n4p556	0	1	1	1	hybrid	1
10.9795/bullgsj.57.289	0	1	1	1	bronze	1
