year	scihub	crossref	coverage
00	486	1685	0.28843
00-1	16	16	1
1478	0	1	0
1499	0	1	0
1500	0	72	0
1506	0	1	0
1508	0	3	0
1512	1	1	1
1513	0	3	0
1515	0	1	0
1523	0	6	0
1525	0	2	0
1526	0	7	0
1530	0	1	0
1532	0	1	0
1545	0	2	0
1548	0	1	0
1557	0	1	0
1559	0	1	0
1563	0	1	0
1566	0	2	0
1568	0	40	0
1569	0	1	0
1570	0	26	0
1573	0	129	0
1577	0	36	0
1578	0	2	0
1579	0	1	0
1580	0	47	0
1581	0	9	0
1582	0	7	0
1583	0	2	0
1584	0	7	0
1586	0	12	0
1587	0	17	0
1588	0	18	0
1589	0	25	0
1590	0	61	0
1591	0	49	0
1592	0	49	0
1593	0	15	0
1594	0	35	0
1595	0	241	0
1596	0	129	0
1597	0	106	0
1598	0	38	0
1599	0	92	0
1600	0	203	0
1601	0	56	0
1602	0	17	0
1603	0	10	0
1604	0	31	0
1605	0	8	0
1606	0	20	0
1607	0	9	0
1608	0	36	0
1609	0	844	0
1610	0	2	0
1611	0	17	0
1612	0	29	0
1613	0	62	0
1614	0	5	0
1615	0	10	0
1616	0	182	0
1617	0	58	0
1618	0	17	0
1619	5	510	0.0098039
1620	5	10	0.5
1621	0	8	0
1622	2	71	0.028169
1623	0	553	0
1624	0	5	0
1625	0	9	0
1626	30	109	0.27523
1627	0	5	0
1628	0	1	0
1629	0	16	0
1630	0	10	0
1631	0	23	0
1632	0	41	0
1633	0	539	0
1634	0	233	0
1635	2	57	0.035088
1636	0	6	0
1637	0	43	0
1638	0	72	0
1639	0	18	0
1640	0	271	0
1641	0	11	0
1642	0	14	0
1643	0	1	0
1644	5	30	0.16667
1645	1	130	0.0076923
1646	0	154	0
1647	0	2064	0
1648	35	2772	0.012626
1649	0	109	0
1650	1	41	0.02439
1651	0	306	0
1652	30	204	0.14706
1653	0	68	0
1654	0	13	0
1655	0	69	0
1656	0	72	0
1657	3	153	0.019608
1658	0	16	0
1659	0	105	0
1660	0	24	0
1661	0	41	0
1662	13	51	0.2549
1663	0	8	0
1664	0	26	0
1665	154	246	0.62602
1666	68	73	0.93151
1667	0	147	0
1668	70	113	0.61947
1669	64	81	0.79012
1670	70	306	0.22876
1671	73	97	0.75258
1672	67	98	0.68367
1673	64	198	0.32323
1674	55	62	0.8871
1675	62	78	0.79487
1676	53	70	0.75714
1677	75	86	0.87209
1678	0	76	0
1679	0	26	0
1680	0	21	0
1681	0	120	0
1682	0	148	0
1683	56	114	0.49123
1684	85	131	0.64885
1685	95	146	0.65068
1686	107	194	0.55155
1687	0	159	0
1688	0	30	0
1689	0	14	0
1690	0	18	0
1691	0	25	0
1692	0	60	0
1693	81	131	0.61832
1694	52	70	0.74286
1695	146	158	0.92405
1696	0	6	0
1697	0	55	0
1698	100	188	0.53191
1699	77	95	0.81053
1700	114	168	0.67857
1701	0	7	0
1702	67	70	0.95714
1704	109	143	0.76224
1705	0	64	0
1706	62	71	0.87324
1707	0	4	0
1708	78	80	0.975
1709	0	118	0
1710	72	347	0.20749
1711	0	716	0
1712	39	382	0.10209
1713	0	17	0
1714	69	152	0.45395
1715	0	4	0
1716	0	57	0
1717	75	87	0.86207
1719	0	1	0
1720	60	85	0.70588
1722	90	94	0.95745
1723	0	1	0
1724	76	82	0.92683
1725	0	16	0
1726	55	58	0.94828
1727	64	131	0.48855
1728	0	52	0
1729	66	90	0.73333
1730	0	11	0
1731	73	83	0.87952
1732	0	11	0
1733	65	76	0.85526
1734	0	8	0
1735	83	88	0.94318
1736	0	11	0
1737	82	90	0.91111
1738	0	43	0
1739	163	175	0.93143
1740	0	7	0
1741	0	9	0
1742	101	107	0.94393
1743	0	12	0
1744	106	110	0.96364
1745	0	2	0
1746	119	131	0.9084
1747	0	34	0
1748	72	202	0.35644
1749	170	179	0.94972
1750	0	79	0
1751	97	222	0.43694
1752	0	112	0
1753	107	169	0.63314
1754	0	28	0
1755	100	129	0.77519
1756	0	21	0
1757	116	166	0.6988
1758	0	5	0
1759	88	219	0.40183
1760	0	3	0
1761	109	117	0.93162
1762	0	5	0
1763	56	143	0.39161
1764	57	77	0.74026
1765	35	530	0.066038
1766	42	89	0.47191
1767	51	231	0.22078
1768	48	55	0.87273
1769	118	157	0.75159
1770	118	132	0.89394
1771	57	92	0.61957
1772	35	38	0.92105
1773	41	91	0.45055
1774	50	52	0.96154
1775	49	106	0.46226
1776	43	48	0.89583
1777	38	98	0.38776
1778	52	107	0.48598
1779	105	241	0.43568
1780	35	37	0.94595
1781	57	62	0.91935
1782	29	71	0.40845
1783	84	96	0.875
1784	42	773	0.054334
1785	28	187	0.14973
1786	73	124	0.58871
1787	40	264	0.15152
1788	72	210	0.34286
1789	27	162	0.16667
1790	66	114	0.57895
1791	54	508	0.1063
1792	25	164	0.15244
1793	95	174	0.54598
1794	105	134	0.78358
1795	22	63	0.34921
1796	23	125	0.184
1797	52	116	0.44828
1798	232	303	0.76568
1799	415	454	0.9141
1800	725	859	0.844
1801	313	359	0.87187
1802	371	478	0.77615
1803	437	539	0.81076
1804	395	429	0.92075
1805	404	423	0.95508
1806	378	489	0.77301
1807	349	509	0.68566
1808	506	579	0.87392
1809	708	787	0.89962
1810	556	652	0.85276
1811	634	652	0.97239
1812	725	874	0.82952
1813	660	711	0.92827
1814	671	765	0.87712
1815	913	1330	0.68647
1816	538	609	0.88342
1817	520	666	0.78078
1818	534	571	0.9352
1819	452	479	0.94363
1820	483	584	0.82705
1821	585	686	0.85277
1822	681	863	0.78911
1823	1130	1828	0.61816
1824	1504	1763	0.85309
1825	1649	1706	0.96659
1826	1925	2202	0.87421
1827	2706	3027	0.89395
1828	2821	3005	0.93877
1829	2764	2955	0.93536
1830	2724	3108	0.87645
1831	2574	3089	0.83328
1832	2360	2711	0.87053
1833	2732	3032	0.90106
1834	3108	3983	0.78032
1835	3132	3743	0.83676
1836	3257	3504	0.92951
1837	3617	3915	0.92388
1838	3689	4038	0.91357
1839	3877	4070	0.95258
1840	3919	4409	0.88886
1841	3743	4763	0.78585
1842	3800	4979	0.76321
1843	4350	5289	0.82246
1844	4318	5455	0.79157
1845	4243	5714	0.74256
1846	4875	7778	0.62677
1847	4163	10146	0.41031
1848	4784	9503	0.50342
1849	4574	9030	0.50653
1850	4588	8621	0.53219
1851	4421	7835	0.56426
1852	4397	7731	0.56875
1853	4966	8320	0.59688
1854	5275	8951	0.58932
1855	5822	9312	0.62521
1856	5720	9449	0.60536
1857	6258	9997	0.62599
1858	5772	8995	0.64169
1859	5973	9197	0.64945
1860	5573	8737	0.63786
1861	5439	7974	0.68209
1862	5697	8308	0.68572
1863	6021	8689	0.69295
1864	5269	8129	0.64817
1865	5625	8352	0.67349
1866	5819	8750	0.66503
1867	6041	9589	0.62999
1868	6763	9981	0.67759
1869	7435	10992	0.6764
1870	8196	11420	0.71769
1871	8234	11648	0.7069
1872	8689	12566	0.69147
1873	9416	13239	0.71123
1874	8940	13065	0.68427
1875	8875	13321	0.66624
1876	9785	15662	0.62476
1877	10622	16911	0.62811
1878	10655	16687	0.63852
1879	11638	17531	0.66385
1880	13396	21171	0.63275
1881	12525	18610	0.67303
1882	11787	18253	0.64576
1883	14142	20444	0.69174
1884	14992	21741	0.68957
1885	15025	22178	0.67747
1886	15219	23382	0.65089
1887	16861	25362	0.66481
1888	17958	26513	0.67733
1889	18489	27694	0.66762
1890	19511	28582	0.68263
1891	18909	27836	0.6793
1892	20109	29672	0.67771
1893	20502	30461	0.67306
1894	22009	32579	0.67556
1895	22546	34506	0.65339
1896	24168	35870	0.67377
1897	24263	36462	0.66543
1898	24768	37119	0.66726
1899	26244	38674	0.6786
1900	25708	39522	0.65047
1901	27274	40956	0.66593
1902	28120	42681	0.65884
1903	28841	42682	0.67572
1904	29685	43259	0.68622
1905	30466	43584	0.69902
1906	31750	46451	0.68352
1907	32814	46889	0.69982
1908	34211	47270	0.72374
1909	34384	49027	0.70133
1910	34587	51147	0.67623
1911	36443	51756	0.70413
1912	37477	52123	0.71901
1913	38549	54968	0.7013
1914	36929	52193	0.70755
1915	34021	46837	0.72637
1916	31934	43986	0.726
1917	31163	43546	0.71563
1918	30435	42056	0.72368
1919	31954	45134	0.70798
1920	37352	51186	0.72973
1921	41936	57601	0.72804
1922	46020	61308	0.75064
1923	49005	64152	0.76389
1924	52334	68009	0.76952
1925	54298	71417	0.7603
1926	57985	76308	0.75988
1927	60854	80223	0.75856
1928	62877	83437	0.75359
1929	64835	84782	0.76473
1930	68785	88688	0.77558
1931	69314	89898	0.77103
1932	71362	91698	0.77823
1933	71556	90135	0.79388
1934	71691	90813	0.78944
1935	73322	93287	0.78598
1936	75419	96715	0.77981
1937	76224	97189	0.78429
1938	76874	98748	0.77849
1939	77588	97857	0.79287
1940	71064	90784	0.78278
1941	67564	86863	0.77782
1942	65106	82797	0.78633
1943	59950	76617	0.78246
1944	56718	71943	0.78837
1945	53196	66765	0.79676
1946	61495	77880	0.78961
1947	69899	88382	0.79087
1948	80155	102464	0.78227
1949	87947	113151	0.77725
1950	96574	124364	0.77654
1951	103925	134066	0.77518
1952	105886	136162	0.77765
1953	111693	145365	0.76836
1954	118270	153402	0.77098
1955	122702	160903	0.76258
1956	127454	167560	0.76065
1957	134535	175898	0.76485
1958	142720	186638	0.76469
1959	151376	199309	0.7595
1960	161301	215303	0.74918
1961	169945	224963	0.75544
1962	180049	237662	0.75758
1963	198011	260675	0.75961
1964	210737	277239	0.76013
1965	225159	295903	0.76092
1966	242275	316655	0.76511
1967	258637	337554	0.76621
1968	274001	353747	0.77457
1969	285021	368391	0.77369
1970	297438	405801	0.73297
1971	311627	423285	0.73621
1972	331247	449541	0.73686
1973	341610	465804	0.73338
1974	350882	480016	0.73098
1975	361419	495573	0.7293
1976	378485	515259	0.73455
1977	395757	537732	0.73597
1978	414014	565541	0.73207
1979	431150	587490	0.73388
1980	454512	622027	0.73069
1981	478281	647556	0.73859
1982	495359	663574	0.7465
1983	521409	694075	0.75123
1984	546243	733100	0.74511
1985	569780	757444	0.75224
1986	599132	794380	0.75421
1987	653150	840355	0.77723
1988	672848	880266	0.76437
1989	709227	928711	0.76367
1990	745066	971176	0.76718
1991	753947	995669	0.75723
1992	780381	1025709	0.76082
1993	809321	1064295	0.76043
1994	840166	1097231	0.76571
1995	899072	1173952	0.76585
1996	916303	1231348	0.74415
1997	940049	1272012	0.73903
1998	953639	1298941	0.73417
1999	962228	1326641	0.72531
2000	1034202	1458448	0.70911
2001	1067354	1475153	0.72355
2002	1103598	1521170	0.72549
2003	1207260	1631813	0.73983
2004	1337973	1821579	0.73451
2005	1414389	1891576	0.74773
2006	1610886	2111823	0.76279
2007	1713004	2273174	0.75357
2008	1824151	2457680	0.74222
2009	2008329	2730440	0.73553
2010	2257922	3041767	0.74231
2011	2127455	3027394	0.70273
2012	2211014	3193578	0.69233
2013	2309518	3477935	0.66405
2014	2400326	3634436	0.66044
2015	2353622	3744992	0.62847
2016	2184317	3898820	0.56025
2017	431152	951697	0.45303
2018	1	513	0.0019493
2019	4	40	0.1
2021	0	6	0
2022	0	2	0
2023	10	10	1
2024	0	78	0
2025	1	1	1
2026	0	1	0
2031	0	23	0
2038	3	3	1
2041	0	1	0
2051	0	17	0
2055	0	1	0
2061	0	1	0
2088	0	21	0
2099	0	31	0
2100	0	29	0
2101	0	1	0
2103	14	42	0.33333
2104	3	11	0.27273
2105	0	19	0
2106	0	26	0
2107	0	2	0
2112	0	31	0
2114	0	29	0
2115	0	24	0
2116	0	15	0
2200	0	1	0
2203	0	20	0
