year	open_access	scihub	crossref	coverage	scihub_journals	crossref_journals
1769	0	49	49	1	1	1
1786	0	45	45	1	1	1
1788	0	43	43	1	1	1
1790	0	37	37	1	1	1
1793	0	44	44	1	1	1
1794	0	35	35	1	1	1
1798	0	32	32	1	1	1
1799	0	138	138	1	2	2
1800	0	167	167	1	1	1
1801	0	108	108	1	1	1
1802	0	123	123	1	2	2
1803	0	201	201	1	1	1
1804	0	107	117	0.91453	1	1
1805	0	197	197	1	2	2
1806	0	135	135	1	1	1
1807	0	114	114	1	1	1
1808	0	125	125	1	1	1
1809	0	180	180	1	2	2
1810	0	108	108	1	1	1
1811	0	154	154	1	1	1
1812	0	254	255	0.99608	3	3
1813	0	176	176	1	2	2
1814	0	203	203	1	2	2
1815	0	244	244	1	3	3
1816	0	186	186	1	2	2
1817	0	200	200	1	2	2
1818	0	265	265	1	4	4
1819	0	173	173	1	2	2
1820	0	209	209	1	2	2
1821	0	205	205	1	2	2
1822	0	323	323	1	3	3
1823	0	834	834	1	6	6
1824	0	1263	1277	0.98904	5	5
1825	0	1343	1382	0.97178	6	6
1826	0	1735	1737	0.99885	8	8
1827	0	2130	2154	0.98886	8	9
1828	0	2401	2521	0.9524	9	10
1829	0	2370	2495	0.9499	8	9
1830	0	1875	2170	0.86406	8	9
1831	0	2096	2377	0.88178	9	10
1832	0	1922	2209	0.87008	8	9
1833	0	2085	2349	0.88761	9	10
1834	0	2346	2625	0.89371	12	13
1835	0	2517	2802	0.89829	12	13
1836	0	2498	2714	0.92041	13	14
1837	0	2725	2973	0.91658	12	13
1838	0	2511	2754	0.91176	11	12
1839	0	2784	2966	0.93864	13	15
1840	0	2600	3008	0.86436	11	14
1841	0	2414	3356	0.71931	13	16
1842	0	2577	3610	0.71385	11	13
1843	0	2788	3696	0.75433	13	15
1844	0	2971	3810	0.77979	13	15
1845	0	2913	3932	0.74084	14	16
1846	0	3383	5906	0.57281	15	18
1847	0	2956	8612	0.34324	17	20
1848	0	3719	8350	0.44539	17	19
1849	0	3495	7421	0.47096	20	23
1850	0	3265	6919	0.47189	16	20
1851	0	3557	6505	0.54681	19	22
1852	0	3488	6678	0.52231	19	22
1853	0	3886	6883	0.56458	21	25
1853	1	2	10	0.2	1	1
1854	0	4030	7202	0.55957	23	26
1854	1	0	16	0	0	1
1855	0	4434	7523	0.58939	25	28
1855	1	2	18	0.11111	1	1
1856	0	4297	7597	0.56562	25	28
1856	1	1	31	0.032258	1	1
1857	0	4692	7890	0.59468	26	32
1858	0	4217	7183	0.58708	25	29
1859	0	4373	7188	0.60838	26	33
1859	1	0	21	0	0	1
1860	0	3998	6945	0.57567	29	34
1860	1	1	9	0.11111	1	1
1861	0	4078	6308	0.64648	27	33
1861	1	12	12	1	1	1
1862	0	4303	6448	0.66734	28	33
1862	1	0	21	0	0	1
1863	0	4192	6622	0.63304	32	37
1863	1	0	24	0	0	1
1864	0	3995	6402	0.62402	30	38
1864	1	1	32	0.03125	1	1
1865	0	4281	6607	0.64795	32	40
1866	0	4282	6704	0.63872	33	39
1866	1	6	48	0.125	1	2
1867	0	4594	7383	0.62224	32	39
1867	1	3	28	0.10714	1	1
1868	0	5034	7763	0.64846	35	43
1868	1	20	37	0.54054	1	2
1869	0	5461	8279	0.65962	45	50
1869	1	0	12	0	0	1
1870	0	6151	9023	0.6817	42	49
1870	1	0	13	0	0	1
1871	0	6291	9368	0.67154	43	49
1871	1	0	20	0	0	1
1872	0	6584	9760	0.67459	47	54
1872	1	1	21	0.047619	1	1
1873	0	6840	10059	0.67999	49	59
1873	1	0	22	0	0	1
1874	0	6459	9864	0.65481	50	57
1874	1	0	36	0	0	2
1875	0	6531	10181	0.64149	49	60
1875	1	0	48	0	0	2
1876	0	7269	12364	0.58792	57	68
1876	1	0	50	0	0	2
1877	0	7928	13480	0.58813	57	70
1877	1	0	43	0	0	2
1878	0	8251	13559	0.60853	63	76
1878	1	1	25	0.04	1	2
1879	0	8932	14285	0.62527	64	80
1879	1	0	39	0	0	2
1880	0	10772	17646	0.61045	71	86
1880	1	0	79	0	0	2
1881	0	9956	15223	0.65401	77	92
1881	1	2	61	0.032787	1	2
1882	0	9239	14432	0.64017	79	94
1882	1	14	89	0.1573	1	3
1883	0	11203	16405	0.6829	80	95
1883	1	0	45	0	0	2
1884	0	11843	17273	0.68564	81	100
1884	1	0	62	0	0	2
1885	0	11239	16769	0.67022	83	102
1885	1	0	45	0	0	2
1886	0	11268	17893	0.62974	87	109
1887	0	12597	19474	0.64686	101	119
1887	1	1	17	0.058824	1	1
1888	0	13710	19989	0.68588	106	127
1888	1	1	78	0.012821	1	2
1889	0	14626	21208	0.68965	114	135
1889	1	0	77	0	0	2
1890	0	15671	22356	0.70098	119	142
1890	1	0	68	0	0	2
1891	0	15188	22103	0.68715	122	144
1891	1	5	136	0.036765	2	3
1892	0	16162	23323	0.69296	136	160
1892	1	1	89	0.011236	1	2
1893	0	16623	24131	0.68886	134	163
1893	1	0	116	0	0	2
1894	0	17478	25907	0.67464	136	165
1894	1	2	74	0.027027	1	2
1895	0	18119	27538	0.65796	146	179
1895	1	1	81	0.012346	1	2
1896	0	19744	29011	0.68057	156	186
1896	1	0	81	0	0	2
1897	0	19522	28952	0.67429	155	187
1897	1	1	90	0.011111	1	2
1898	0	20284	30089	0.67413	152	187
1898	1	0	78	0	0	3
1899	0	20988	30480	0.68858	158	195
1899	1	0	83	0	0	2
1900	0	20561	29892	0.68784	169	211
1900	1	45	120	0.375	2	6
1901	0	22241	31981	0.69544	176	214
1901	1	1	85	0.011765	1	4
1902	0	22822	32533	0.7015	179	218
1902	1	0	74	0	0	2
1903	0	23501	33789	0.69552	185	227
1903	1	2	61	0.032787	2	2
1904	0	24368	34557	0.70515	194	239
1904	1	0	80	0	0	2
1905	0	24417	34235	0.71322	204	248
1905	1	31	82	0.37805	1	3
1906	0	25182	35223	0.71493	211	256
1906	1	9	70	0.12857	1	3
1907	0	26029	36249	0.71806	214	260
1907	1	32	81	0.39506	2	3
1908	0	25420	34882	0.72874	229	278
1908	1	19	96	0.19792	2	3
1909	0	25223	36086	0.69897	228	274
1909	1	9	76	0.11842	1	4
1910	0	26449	37560	0.70418	244	292
1910	1	29	122	0.2377	3	5
1911	0	26852	37178	0.72226	253	304
1911	1	25	105	0.2381	2	5
1912	0	26801	36721	0.72985	252	304
1912	1	41	130	0.31538	2	5
1913	0	30045	39974	0.75161	272	320
1913	1	40	137	0.29197	2	5
1914	0	26261	35527	0.73918	272	320
1914	1	68	164	0.41463	2	5
1915	0	23974	32783	0.73129	269	314
1915	1	49	124	0.39516	3	6
1916	0	23006	31626	0.72744	272	319
1916	1	102	187	0.54545	3	6
1917	0	21951	30546	0.71862	268	315
1917	1	112	177	0.63277	3	6
1918	0	23513	31384	0.7492	289	338
1918	1	136	192	0.70833	6	7
1919	0	22951	31245	0.73455	279	330
1919	1	97	155	0.62581	3	6
1920	0	28828	37268	0.77353	321	379
1920	1	320	383	0.83551	6	9
1921	0	33804	43174	0.78297	338	398
1921	1	296	367	0.80654	7	10
1922	0	40216	48973	0.82119	358	419
1922	1	344	458	0.75109	7	12
1923	0	42801	51782	0.82656	370	428
1923	1	287	371	0.77358	7	11
1924	0	45506	54723	0.83157	384	440
1924	1	345	432	0.79861	9	12
1925	0	46597	56641	0.82267	397	461
1925	1	342	421	0.81235	8	11
1926	0	49449	59356	0.83309	411	472
1926	1	329	414	0.79469	8	12
1927	0	51653	62143	0.8312	427	486
1927	1	329	438	0.75114	7	13
1928	0	53084	64421	0.82402	443	501
1928	1	397	516	0.76938	7	12
1929	0	52816	64370	0.82051	463	522
1929	1	395	533	0.74109	7	12
1930	0	57000	68604	0.83086	488	550
1930	1	403	588	0.68537	8	15
1931	0	56820	68843	0.82536	498	563
1931	1	386	706	0.54674	8	14
1932	0	57876	70004	0.82675	512	577
1932	1	384	584	0.65753	8	16
1933	0	60984	73057	0.83475	528	595
1933	1	431	588	0.73299	8	15
1934	0	60014	71981	0.83375	529	597
1934	1	429	600	0.715	8	16
1935	0	59850	72431	0.8263	547	618
1935	1	482	659	0.73141	8	16
1936	0	59831	72821	0.82162	562	637
1936	1	463	635	0.72913	8	18
1937	0	60738	73667	0.82449	584	661
1937	1	410	627	0.65391	8	17
1938	0	61516	75045	0.81972	593	671
1938	1	498	709	0.7024	8	18
1939	0	62161	74546	0.83386	609	688
1939	1	494	703	0.7027	11	20
1940	0	56962	69175	0.82345	591	667
1940	1	479	745	0.64295	11	20
1941	0	55748	67462	0.82636	598	673
1941	1	467	747	0.62517	11	21
1942	0	54042	65182	0.82909	606	682
1942	1	482	704	0.68466	10	20
1943	0	47735	58187	0.82037	588	665
1943	1	357	671	0.53204	10	22
1944	0	44955	54801	0.82033	582	663
1944	1	429	785	0.5465	11	22
1945	0	41825	51518	0.81185	522	579
1945	1	462	754	0.61273	12	23
1946	0	49125	60665	0.80977	566	638
1946	1	410	766	0.53525	11	24
1947	0	57347	69610	0.82383	658	743
1947	1	483	904	0.53429	12	22
1948	0	66717	81793	0.81568	755	862
1948	1	497	934	0.53212	11	26
1949	0	74480	90230	0.82545	797	902
1949	1	699	1127	0.62023	13	28
1950	0	81670	98862	0.8261	861	970
1950	1	653	1079	0.60519	14	28
1951	0	89334	107335	0.83229	896	1015
1951	1	595	1071	0.55556	14	29
1952	0	93035	111822	0.83199	937	1065
1952	1	659	1150	0.57304	16	29
1953	0	97251	117387	0.82846	990	1117
1953	1	711	1183	0.60101	14	27
1954	0	101648	123568	0.82261	1029	1170
1954	1	766	1257	0.60939	16	31
1955	0	106657	129354	0.82454	1084	1228
1955	1	736	1241	0.59307	16	31
1956	0	111680	134602	0.82971	1129	1276
1956	1	820	1328	0.61747	18	33
1957	0	117601	141930	0.82858	1175	1338
1957	1	813	1378	0.58999	19	36
1958	0	125820	151352	0.83131	1256	1419
1958	1	774	1436	0.539	18	36
1959	0	134727	163122	0.82593	1326	1504
1959	1	858	1451	0.59132	20	37
1960	0	144973	175091	0.82799	1393	1581
1960	1	924	1725	0.53565	17	39
1961	0	154430	185688	0.83166	1474	1659
1961	1	1026	1735	0.59135	18	41
1962	0	164303	195368	0.84099	1546	1741
1962	1	1165	1846	0.63109	24	43
1963	0	183525	216283	0.84854	1646	1844
1963	1	1220	1961	0.62213	22	42
1964	0	198650	232966	0.8527	1761	1967
1964	1	1341	2063	0.65002	25	48
1965	0	212722	249098	0.85397	1860	2065
1965	1	1378	2054	0.67089	25	46
1966	0	230179	268801	0.85632	1935	2160
1966	1	1454	2112	0.68845	26	49
1967	0	246557	287447	0.85775	2078	2302
1967	1	2446	3128	0.78197	27	50
1968	0	260179	302165	0.86105	2197	2416
1968	1	2673	3373	0.79247	31	54
1969	0	266935	310718	0.85909	2320	2549
1969	1	2498	3690	0.67696	32	55
1970	0	279358	324899	0.85983	2463	2728
1970	1	2740	3781	0.72468	39	77
1971	0	291108	338989	0.85875	2630	2885
1971	1	3244	4035	0.80397	34	58
1972	0	309136	358390	0.86257	2781	3049
1972	1	3356	4265	0.78687	40	65
1973	0	318075	369740	0.86027	2885	3165
1973	1	3546	4615	0.76836	40	64
1974	0	328465	382985	0.85764	3019	3298
1974	1	3669	4827	0.7601	42	71
1975	0	337939	394168	0.85735	3176	3463
1975	1	3904	5161	0.75644	43	75
1976	0	351732	410403	0.85704	3351	3638
1976	1	4124	5503	0.74941	42	76
1977	0	369273	429313	0.86015	3508	3810
1977	1	4662	5954	0.783	46	79
1978	0	387847	452493	0.85713	3723	4026
1978	1	4996	6577	0.75962	47	83
1979	0	403980	468223	0.86279	3917	4239
1979	1	4906	6692	0.73311	52	83
1980	0	426052	492908	0.86436	4141	4456
1980	1	4924	6813	0.72274	53	90
1981	0	447197	516800	0.86532	4312	4657
1981	1	5455	7295	0.74777	56	97
1982	0	462958	532153	0.86997	4490	4867
1982	1	5718	7383	0.77448	58	94
1983	0	485830	558168	0.8704	4673	5048
1983	1	6369	8467	0.75221	60	100
1984	0	510320	588604	0.867	4856	5251
1984	1	6818	9017	0.75613	59	103
1985	0	530695	610294	0.86957	5054	5467
1985	1	6622	9157	0.72316	65	114
1986	0	556796	637031	0.87405	5296	5722
1986	1	6981	9749	0.71607	64	118
1987	0	585799	673788	0.86941	5526	5958
1987	1	7451	10147	0.73431	67	123
1988	0	607504	704762	0.862	5738	6197
1988	1	7828	10398	0.75284	71	130
1989	0	639626	734115	0.87129	5990	6454
1989	1	8026	11098	0.72319	73	135
1990	0	671293	767429	0.87473	6245	6711
1990	1	8567	11885	0.72082	74	146
1991	0	695671	795921	0.87405	6466	6952
1991	1	8831	12819	0.6889	84	163
1992	0	720075	823716	0.87418	6701	7203
1992	1	8723	13076	0.6671	87	174
1993	0	748258	859968	0.8701	6949	7452
1993	1	8764	13318	0.65806	88	181
1994	0	774204	888302	0.87155	7227	7767
1994	1	9027	14851	0.60784	97	201
1995	0	826623	951851	0.86844	7509	8072
1995	1	9361	15597	0.60018	98	217
1996	0	837229	1000304	0.83697	7720	8379
1996	1	9744	16823	0.57921	106	242
1997	0	858920	1026351	0.83687	8049	8701
1997	1	10068	19450	0.51763	119	287
1998	0	864532	1036702	0.83393	8325	8992
1998	1	10760	21643	0.49716	131	312
1999	0	868533	1050165	0.82704	8613	9321
1999	1	11037	23282	0.47406	133	338
2000	0	929108	1109468	0.83744	9141	9866
2000	1	12619	27411	0.46036	178	416
2001	0	959518	1147119	0.83646	9555	10356
2001	1	14176	31322	0.45259	227	497
2002	0	995873	1169150	0.85179	9924	10779
2002	1	15664	36959	0.42382	273	582
2003	0	1066054	1230594	0.86629	10168	11017
2003	1	20382	44342	0.45965	309	648
2004	0	1173179	1339585	0.87578	10538	11444
2004	1	24950	52410	0.47605	354	714
2005	0	1207518	1380823	0.87449	10883	11827
2005	1	31380	62966	0.49836	391	822
2006	0	1322347	1499438	0.8819	11271	12274
2006	1	37408	72911	0.51306	458	933
2007	0	1379464	1551138	0.88932	11763	12840
2007	1	43004	83989	0.51202	534	1078
2008	0	1440175	1624007	0.8868	12067	13286
2008	1	57345	110334	0.51974	670	1311
2009	0	1554817	1766358	0.88024	12442	13663
2009	1	69869	130534	0.53526	868	1535
2010	0	1549932	1763953	0.87867	12699	13994
2010	1	78312	153444	0.51036	1091	1785
2011	0	1597960	1834522	0.87105	12912	14169
2011	1	88218	168389	0.52389	1233	1938
2012	0	1639865	1888079	0.86854	13124	14343
2012	1	112600	211962	0.53123	1445	2096
2013	0	1716313	1965817	0.87308	13269	14596
2013	1	127076	247034	0.51441	1521	2240
2014	0	1736657	1976322	0.87873	13236	14669
2014	1	146912	281980	0.521	1616	2373
2015	0	1722571	2007536	0.85805	13114	14766
2015	1	124504	301706	0.41267	1393	2369
2016	0	1643412	2078922	0.79051	12555	14713
2016	1	103123	314707	0.32768	869	2308
2017	0	375876	605128	0.62115	9945	12455
2017	1	18879	80563	0.23434	659	1773
